Date,Close
2024-10-01T04:00:00.000Z,98.49
2024-10-02T04:00:00.000Z,97.66
2024-10-03T04:00:00.000Z,96.74
2024-10-04T04:00:00.000Z,95.55
2024-10-07T04:00:00.000Z,94.83
2024-10-08T04:00:00.000Z,94.99
2024-10-09T04:00:00.000Z,94.45
2024-10-10T04:00:00.000Z,94.08
2024-10-11T04:00:00.000Z,93.7
2024-10-14T04:00:00.000Z,93.765
2024-10-15T04:00:00.000Z,94.91
2024-10-16T04:00:00.000Z,95.31
2024-10-17T04:00:00.000Z,93.8
2024-10-18T04:00:00.000Z,93.87
2024-10-21T04:00:00.000Z,92.23
2024-10-22T04:00:00.000Z,92.32
2024-10-23T04:00:00.000Z,92.07
2024-10-24T04:00:00.000Z,92.66
2024-10-25T04:00:00.000Z,92.14
2024-10-28T04:00:00.000Z,91.89
2024-10-29T04:00:00.000Z,92.03
2024-10-30T04:00:00.000Z,92.3
2024-10-31T04:00:00.000Z,92.45
2024-11-01T04:00:00.000Z,90.84
2024-11-04T04:00:00.000Z,92.25
2024-11-05T04:00:00.000Z,92.74
2024-11-06T04:00:00.000Z,90.2
2024-11-07T04:00:00.000Z,91.33
2024-11-08T04:00:00.000Z,92.49
2024-11-11T04:00:00.000Z,92.04
2024-11-12T04:00:00.000Z,90.66
2024-11-13T04:00:00.000Z,89.8
2024-11-14T04:00:00.000Z,90.32
2024-11-15T04:00:00.000Z,90.08
2024-11-18T04:00:00.000Z,90.24
2024-11-19T04:00:00.000Z,90.7
2024-11-20T04:00:00.000Z,90.41
2024-11-21T04:00:00.000Z,90.34
2024-11-22T04:00:00.000Z,90.39
2024-11-25T04:00:00.000Z,92.73
2024-11-26T04:00:00.000Z,92.37
2024-11-27T04:00:00.000Z,93.01
2024-11-29T04:00:00.000Z,93.97
2024-12-02T04:00:00.000Z,93.87
2024-12-03T04:00:00.000Z,93.06
2024-12-04T04:00:00.000Z,94.06
2024-12-05T04:00:00.000Z,94.25
2024-12-06T04:00:00.000Z,94.39
2024-12-09T04:00:00.000Z,93.52
2024-12-10T04:00:00.000Z,93.08
2024-12-11T04:00:00.000Z,92.2
2024-12-12T04:00:00.000Z,91.08
2024-12-13T04:00:00.000Z,90.15
2024-12-16T04:00:00.000Z,90.42
2024-12-17T04:00:00.000Z,90.64
2024-12-18T04:00:00.000Z,89.16
2024-12-19T04:00:00.000Z,87.81
2024-12-20T04:00:00.000Z,88.31
2024-12-23T04:00:00.000Z,87.5
2024-12-24T04:00:00.000Z,87.87
2024-12-26T04:00:00.000Z,87.82
2024-12-27T04:00:00.000Z,87.1
2024-12-30T04:00:00.000Z,87.8
2024-12-31T04:00:00.000Z,87.33
2025-01-02T04:00:00.000Z,87.57
2025-01-03T04:00:00.000Z,87.29
2025-01-06T04:00:00.000Z,86.9
2025-01-07T04:00:00.000Z,85.92
2025-01-08T04:00:00.000Z,86.03
2025-01-10T04:00:00.000Z,85.46
2025-01-13T04:00:00.000Z,85.43
2025-01-14T04:00:00.000Z,85.29
2025-01-15T04:00:00.000Z,86.76
2025-01-16T04:00:00.000Z,87.04
2025-01-17T04:00:00.000Z,87.19
2025-01-21T04:00:00.000Z,87.97
2025-01-22T04:00:00.000Z,87.51
2025-01-23T04:00:00.000Z,86.83
2025-01-24T04:00:00.000Z,87.22
2025-01-27T04:00:00.000Z,88.25
2025-01-28T04:00:00.000Z,88.19
2025-01-29T04:00:00.000Z,88.01
2025-01-30T04:00:00.000Z,88.34
2025-01-31T04:00:00.000Z,87.76
2025-02-03T04:00:00.000Z,88.16
2025-02-04T04:00:00.000Z,88.43
2025-02-05T04:00:00.000Z,89.89
2025-02-06T04:00:00.000Z,89.85
2025-02-07T04:00:00.000Z,89.27
2025-02-10T04:00:00.000Z,89.0
2025-02-11T04:00:00.000Z,88.43
2025-02-12T04:00:00.000Z,87.23
2025-02-13T04:00:00.000Z,88.68
2025-02-14T04:00:00.000Z,89.15
2025-02-18T04:00:00.000Z,88.1
2025-02-19T04:00:00.000Z,88.21
2025-02-20T04:00:00.000Z,88.54
2025-02-21T04:00:00.000Z,89.61
2025-02-24T04:00:00.000Z,89.87
2025-02-25T04:00:00.000Z,91.42
2025-02-26T04:00:00.000Z,91.96
2025-02-27T04:00:00.000Z,91.31
2025-02-28T04:00:00.000Z,92.43
2025-03-03T04:00:00.000Z,92.57
2025-03-04T04:00:00.000Z,91.43
2025-03-05T04:00:00.000Z,90.7
2025-03-06T04:00:00.000Z,90.4
2025-03-07T04:00:00.000Z,90.11
2025-03-10T04:00:00.000Z,91.05
2025-03-11T04:00:00.000Z,90.4
2025-03-12T04:00:00.000Z,89.86
2025-03-13T04:00:00.000Z,90.65
2025-03-14T04:00:00.000Z,90.17
2025-03-17T04:00:00.000Z,90.62
2025-03-18T04:00:00.000Z,90.71
2025-03-19T04:00:00.000Z,91.18
2025-03-20T04:00:00.000Z,91.24
2025-03-21T04:00:00.000Z,90.7
2025-03-24T04:00:00.000Z,89.77
2025-03-25T04:00:00.000Z,89.76
2025-03-26T04:00:00.000Z,89.17
2025-03-27T04:00:00.000Z,88.91
2025-03-28T04:00:00.000Z,90.14
2025-03-31T04:00:00.000Z,91.03
2025-04-01T04:00:00.000Z,91.49
2025-04-02T04:00:00.000Z,91.43
2025-04-03T04:00:00.000Z,91.85
2025-04-04T04:00:00.000Z,92.85
2025-04-07T04:00:00.000Z,90.05
2025-04-08T04:00:00.000Z,88.35
2025-04-09T04:00:00.000Z,88.87
2025-04-10T04:00:00.000Z,86.42
2025-04-11T04:00:00.000Z,86.89
2025-04-14T04:00:00.000Z,87.51
2025-04-15T04:00:00.000Z,87.82
2025-04-16T04:00:00.000Z,88.31
2025-04-17T04:00:00.000Z,87.53
2025-04-21T04:00:00.000Z,86.0
2025-04-22T04:00:00.000Z,86.48
2025-04-23T04:00:00.000Z,87.32
2025-04-24T04:00:00.000Z,88.24
2025-04-25T04:00:00.000Z,88.89
2025-04-28T04:00:00.000Z,89.45
2025-04-29T04:00:00.000Z,90.2
2025-04-30T04:00:00.000Z,89.47
2025-05-01T04:00:00.000Z,88.69
2025-05-02T04:00:00.000Z,87.73
2025-05-05T04:00:00.000Z,87.24
2025-05-06T04:00:00.000Z,87.53
2025-05-07T04:00:00.000Z,87.9
2025-05-08T04:00:00.000Z,86.92
2025-05-09T04:00:00.000Z,87.05
2025-05-12T04:00:00.000Z,86.24
2025-05-13T04:00:00.000Z,85.89
2025-05-14T04:00:00.000Z,85.32
2025-05-15T04:00:00.000Z,86.07
2025-05-16T04:00:00.000Z,86.3
2025-05-19T04:00:00.000Z,86.05
2025-05-20T04:00:00.000Z,85.43
2025-05-21T04:00:00.000Z,83.97
2025-05-22T04:00:00.000Z,84.41
2025-05-23T04:00:00.000Z,84.55
2025-05-27T04:00:00.000Z,85.73
2025-05-28T04:00:00.000Z,85.36
2025-05-29T04:00:00.000Z,86.15
2025-05-30T04:00:00.000Z,86.28
2025-06-02T04:00:00.000Z,85.16
2025-06-03T04:00:00.000Z,85.01
2025-06-04T04:00:00.000Z,86.39
2025-06-05T04:00:00.000Z,86.45
2025-06-06T04:00:00.000Z,85.35
2025-06-09T04:00:00.000Z,85.44
2025-06-10T04:00:00.000Z,85.88
2025-06-11T04:00:00.000Z,86.14
2025-06-12T04:00:00.000Z,87.17
2025-06-13T04:00:00.000Z,86.33
2025-06-16T04:00:00.000Z,85.46
2025-06-17T04:00:00.000Z,86.5
2025-06-18T04:00:00.000Z,86.65
2025-06-20T04:00:00.000Z,86.49
2025-06-23T04:00:00.000Z,86.77
2025-06-24T04:00:00.000Z,87.4
2025-06-25T04:00:00.000Z,87.51
2025-06-26T04:00:00.000Z,87.95
2025-06-27T04:00:00.000Z,87.39
2025-06-30T04:00:00.000Z,88.25
2025-07-01T04:00:00.000Z,88.14
2025-07-02T04:00:00.000Z,87.58
2025-07-03T04:00:00.000Z,86.97
2025-07-07T04:00:00.000Z,86.14
2025-07-08T04:00:00.000Z,86.03
2025-07-09T04:00:00.000Z,86.93
2025-07-10T04:00:00.000Z,86.99
2025-07-11T04:00:00.000Z,85.79
2025-07-14T04:00:00.000Z,85.61
2025-07-15T04:00:00.000Z,85.01
2025-07-16T04:00:00.000Z,85.13
2025-07-17T04:00:00.000Z,85.11
2025-07-18T04:00:00.000Z,85.24
2025-07-21T04:00:00.000Z,86.0
2025-07-22T04:00:00.000Z,86.52
2025-07-23T04:00:00.000Z,86.04
2025-07-24T04:00:00.000Z,85.89
2025-07-25T04:00:00.000Z,86.43
2025-07-28T04:00:00.000Z,85.87
2025-07-29T04:00:00.000Z,87.32
2025-07-30T04:00:00.000Z,86.87
2025-07-31T04:00:00.000Z,86.92
2025-08-01T04:00:00.000Z,87.82
2025-08-04T04:00:00.000Z,88.06
2025-08-05T04:00:00.000Z,88.33
2025-08-06T04:00:00.000Z,87.82
2025-08-07T04:00:00.000Z,87.67
2025-08-08T04:00:00.000Z,87.29
2025-08-11T04:00:00.000Z,87.39
2025-08-12T04:00:00.000Z,86.95
2025-08-13T04:00:00.000Z,87.67
2025-08-14T04:00:00.000Z,87.02
2025-08-15T04:00:00.000Z,86.4
2025-08-18T04:00:00.000Z,86.15
2025-08-19T04:00:00.000Z,86.65
2025-08-20T04:00:00.000Z,86.84
2025-08-21T04:00:00.000Z,86.41
2025-08-22T04:00:00.000Z,87.05
2025-08-25T04:00:00.000Z,86.8
2025-08-26T04:00:00.000Z,86.75
2025-08-27T04:00:00.000Z,86.65
2025-08-28T04:00:00.000Z,87.22
2025-08-29T04:00:00.000Z,86.6
2025-09-02T04:00:00.000Z,85.63
2025-09-03T04:00:00.000Z,86.57
2025-09-04T04:00:00.000Z,87.23
2025-09-05T04:00:00.000Z,88.56
2025-09-08T04:00:00.000Z,89.74
2025-09-09T04:00:00.000Z,89.23
2025-09-10T04:00:00.000Z,89.74
2025-09-11T04:00:00.000Z,90.34
2025-09-12T04:00:00.000Z,89.95
2025-09-15T04:00:00.000Z,90.16
2025-09-16T04:00:00.000Z,90.35
2025-09-17T04:00:00.000Z,90.12
2025-09-18T04:00:00.000Z,89.19
2025-09-19T04:00:00.000Z,89.02
2025-09-22T04:00:00.000Z,88.7
2025-09-23T04:00:00.000Z,89.32
2025-09-24T04:00:00.000Z,88.98
2025-09-25T04:00:00.000Z,88.98
2025-09-26T04:00:00.000Z,88.9
2025-09-29T04:00:00.000Z,89.63
2025-09-30T04:00:00.000Z,89.37
2025-10-01T04:00:00.000Z,89.29
2025-10-02T04:00:00.000Z,89.55
2025-10-03T04:00:00.000Z,89.38
2025-10-06T04:00:00.000Z,88.67
2025-10-07T04:00:00.000Z,89.18
2025-10-08T04:00:00.000Z,89.25
2025-10-09T04:00:00.000Z,89.18
2025-10-10T04:00:00.000Z,90.62
2025-10-13T04:00:00.000Z,90.57
2025-10-14T04:00:00.000Z,90.86
2025-10-15T04:00:00.000Z,90.66
2025-10-16T04:00:00.000Z,91.34
2025-10-17T04:00:00.000Z,91.2
2025-10-20T04:00:00.000Z,91.55
2025-10-21T04:00:00.000Z,92.0
2025-10-22T04:00:00.000Z,92.06
2025-10-23T04:00:00.000Z,91.43
2025-10-24T04:00:00.000Z,91.47
2025-10-27T04:00:00.000Z,91.78
2025-10-28T04:00:00.000Z,92.02
2025-10-29T04:00:00.000Z,91.09
2025-10-30T04:00:00.000Z,90.56
2025-10-31T04:00:00.000Z,90.29
2025-11-03T04:00:00.000Z,89.74
2025-11-04T04:00:00.000Z,89.94
2025-11-05T04:00:00.000Z,88.96
2025-11-06T04:00:00.000Z,89.76
2025-11-07T04:00:00.000Z,89.57
2025-11-10T04:00:00.000Z,89.55
2025-11-11T04:00:00.000Z,89.96
2025-11-12T04:00:00.000Z,90.12
2025-11-13T04:00:00.000Z,89.38
2025-11-14T04:00:00.000Z,88.87
2025-11-17T04:00:00.000Z,89.09
2025-11-18T04:00:00.000Z,89.06
2025-11-19T04:00:00.000Z,88.88
2025-11-20T04:00:00.000Z,89.23
2025-11-21T04:00:00.000Z,89.5
2025-11-24T04:00:00.000Z,90.01
2025-11-25T04:00:00.000Z,90.24
2025-11-26T04:00:00.000Z,90.64
2025-11-28T04:00:00.000Z,90.21
2025-12-01T04:00:00.000Z,88.77
2025-12-02T04:00:00.000Z,88.81
2025-12-03T04:00:00.000Z,89.06
2025-12-04T04:00:00.000Z,88.58
2025-12-05T04:00:00.000Z,88.17
2025-12-08T04:00:00.000Z,87.88
2025-12-09T04:00:00.000Z,87.97
2025-12-10T04:00:00.000Z,88.31
2025-12-11T04:00:00.000Z,88.19
2025-12-12T04:00:00.000Z,87.34
2025-12-15T04:00:00.000Z,87.4
2025-12-16T04:00:00.000Z,87.88
2025-12-17T04:00:00.000Z,87.8
2025-12-18T04:00:00.000Z,88.22
2025-12-19T04:00:00.000Z,87.55
2025-12-22T04:00:00.000Z,87.36
2025-12-23T04:00:00.000Z,87.5
2025-12-24T04:00:00.000Z,88.03
2025-12-26T04:00:00.000Z,87.74
2025-12-29T04:00:00.000Z,88.07
2025-12-30T04:00:00.000Z,87.86
2025-12-31T04:00:00.000Z,87.16
2026-01-02T04:00:00.000Z,87.03
2026-01-05T04:00:00.000Z,87.46
2026-01-06T04:00:00.000Z,87.28
2026-01-07T04:00:00.000Z,87.79
2026-01-08T04:00:00.000Z,87.35
2026-01-09T04:00:00.000Z,87.93
2026-01-12T04:00:00.000Z,87.67
2026-01-13T04:00:00.000Z,87.82
2026-01-14T04:00:00.000Z,88.33
2026-01-15T04:00:00.000Z,88.31
2026-01-16T04:00:00.000Z,87.8
2026-01-20T04:00:00.000Z,86.65
2026-01-21T04:00:00.000Z,87.31
2026-01-22T04:00:00.000Z,87.69
2026-01-23T04:00:00.000Z,87.93
2026-01-26T04:00:00.000Z,88.35
2026-01-27T04:00:00.000Z,87.8
2026-01-28T04:00:00.000Z,87.6
2026-01-29T04:00:00.000Z,87.62
2026-01-30T04:00:00.000Z,87.13
2026-02-02T04:00:00.000Z,86.55
2026-02-03T04:00:00.000Z,86.76
2026-02-04T04:00:00.000Z,86.54
2026-02-05T04:00:00.000Z,87.48
2026-02-06T04:00:00.000Z,87.54
2026-02-09T04:00:00.000Z,87.52
2026-02-10T04:00:00.000Z,88.53
2026-02-11T04:00:00.000Z,88.06
2026-02-12T04:00:00.000Z,89.23
2026-02-13T04:00:00.000Z,89.72
2026-02-17T04:00:00.000Z,89.87
2026-02-18T04:00:00.000Z,89.53
2026-02-19T04:00:00.000Z,89.62
2026-02-20T04:00:00.000Z,89.41
2026-02-23T04:00:00.000Z,89.74
2026-02-24T04:00:00.000Z,89.9
2026-02-25T04:00:00.000Z,89.91
2026-02-26T04:00:00.000Z,90.27
2026-02-27T04:00:00.000Z,90.82
2026-03-02T04:00:00.000Z,89.61
2026-03-03T04:00:00.000Z,89.43
2026-03-04T04:00:00.000Z,89.15
2026-03-05T04:00:00.000Z,88.79
2026-03-06T04:00:00.000Z,88.46
2026-03-09T04:00:00.000Z,89.23
2026-03-10T04:00:00.000Z,88.28
2026-03-11T04:00:00.000Z,87.14
2026-03-12T04:00:00.000Z,86.97
2026-03-13T04:00:00.000Z,86.54
2026-03-16T04:00:00.000Z,87.21
2026-03-17T04:00:00.000Z,87.45
2026-03-18T04:00:00.000Z,86.955
2026-03-19T04:00:00.000Z,87.49
2026-03-20T04:00:00.000Z,85.83
2026-03-23T04:00:00.000Z,86.385
2026-03-24T04:00:00.000Z,86.01
2026-03-25T04:00:00.000Z,86.84
2026-03-26T04:00:00.000Z,86.11
2026-03-27T04:00:00.000Z,85.64
2026-03-30T04:00:00.000Z,86.78
2026-03-31T04:00:00.000Z,86.69
2026-04-01T04:00:00.000Z,86.26
2026-04-02T04:00:00.000Z,86.79
2026-04-06T04:00:00.000Z,86.65
2026-04-07T04:00:00.000Z,86.64
2026-04-08T04:00:00.000Z,86.92
2026-04-09T04:00:00.000Z,86.7
2026-04-10T04:00:00.000Z,86.49
2026-04-13T04:00:00.000Z,86.75
2026-04-14T04:00:00.000Z,87.21
2026-04-15T04:00:00.000Z,86.83
2026-04-16T04:00:00.000Z,86.28
2026-04-17T04:00:00.000Z,87.07
2026-04-20T04:00:00.000Z,87.05
2026-04-21T04:00:00.000Z,86.57
2026-04-22T04:00:00.000Z,86.74
2026-04-23T04:00:00.000Z,86.55
2026-04-24T04:00:00.000Z,86.71
2026-04-27T04:00:00.000Z,86.28
2026-04-28T04:00:00.000Z,86.37
2026-04-29T04:00:00.000Z,85.7
2026-04-30T04:00:00.000Z,85.62
2026-05-01T04:00:00.000Z,85.61
2026-05-04T04:00:00.000Z,84.96
2026-05-05T04:00:00.000Z,85.43
2026-05-06T04:00:00.000Z,86.08
2026-05-07T04:00:00.000Z,85.65
2026-05-08T04:00:00.000Z,86.08
2026-05-11T04:00:00.000Z,85.56
2026-05-12T04:00:00.000Z,84.99
2026-05-13T04:00:00.000Z,84.8
2026-05-14T04:00:00.000Z,84.92
2026-05-15T04:00:00.000Z,83.66
2026-05-18T04:00:00.000Z,83.56
2026-05-19T04:00:00.000Z,83.02
2026-05-20T04:00:00.000Z,83.91
2026-05-21T04:00:00.000Z,84.22
2026-05-22T04:00:00.000Z,84.68
2026-05-26T04:00:00.000Z,85.1
2026-05-27T04:00:00.000Z,85.3
2026-05-28T04:00:00.000Z,85.74
2026-05-29T04:00:00.000Z,85.76
2026-06-01T04:00:00.000Z,85.47
2026-06-02T04:00:00.000Z,85.65
2026-06-03T04:00:00.000Z,85.31
2026-06-04T04:00:00.000Z,85.5
2026-06-05T04:00:00.000Z,85.06
2026-06-08T04:00:00.000Z,84.62
2026-06-09T04:00:00.000Z,85.12
2026-06-10T04:00:00.000Z,84.88
2026-06-11T04:00:00.000Z,85.98
2026-06-12T04:00:00.000Z,85.77
2026-06-15T04:00:00.000Z,85.72
2026-06-16T04:00:00.000Z,86.19
2026-06-17T04:00:00.000Z,86.33
2026-06-18T04:00:00.000Z,86.75
2026-06-22T04:00:00.000Z,86.09
2026-06-23T04:00:00.000Z,86.2
2026-06-24T04:00:00.000Z,87.38
2026-06-25T04:00:00.000Z,87.35
2026-06-26T04:00:00.000Z,87.36
2026-06-29T04:00:00.000Z,87.45
2026-06-30T04:00:00.000Z,86.42
2026-07-01T04:00:00.000Z,85.52
2026-07-02T04:00:00.000Z,85.51
2026-07-06T04:00:00.000Z,85.45
2026-07-07T04:00:00.000Z,84.55
2026-07-08T04:00:00.000Z,84.36
2026-07-09T04:00:00.000Z,84.49
2026-07-10T04:00:00.000Z,84.47
2026-07-13T04:00:00.000Z,83.97
2026-07-14T04:00:00.000Z,84.08
2026-07-15T04:00:00.000Z,84.24
2026-07-16T04:00:00.000Z,84.21
2026-07-17T04:00:00.000Z,84.52
2026-07-20T04:00:00.000Z,83.89
2026-07-21T04:00:00.000Z,83.66
2026-07-22T04:00:00.000Z,83.44
2026-07-23T04:00:00.000Z,83.17
2026-07-24T04:00:00.000Z,83.25
2026-07-27T04:00:00.000Z,83.75
2026-07-28T04:00:00.000Z,84.24
2026-07-29T04:00:00.000Z,82.85
2026-07-30T04:00:00.000Z,82.8
2026-07-31T04:00:00.000Z,82.25
2026-08-03T04:00:00.000Z,82.19
2026-08-04T04:00:00.000Z,82.82
2026-08-05T04:00:00.000Z,83.0
2026-08-06T04:00:00.000Z,82.52
2026-08-07T04:00:00.000Z,82.76
2026-08-10T04:00:00.000Z,82.06
2026-08-11T04:00:00.000Z,82.19
2026-08-12T04:00:00.000Z,82.11
2026-08-13T04:00:00.000Z,82.59
2026-08-14T04:00:00.000Z,82.04
2026-08-17T04:00:00.000Z,81.35
2026-08-18T04:00:00.000Z,81.66
2026-08-19T04:00:00.000Z,83.02
2026-08-20T04:00:00.000Z,82.34
2026-08-21T04:00:00.000Z,82.05
2026-08-24T04:00:00.000Z,82.56
2026-08-25T04:00:00.000Z,83.47
2026-08-26T04:00:00.000Z,83.3
2026-08-27T04:00:00.000Z,83.13
2026-08-28T04:00:00.000Z,82.88
2026-08-31T04:00:00.000Z,82.52
2026-09-01T04:00:00.000Z,81.87
2026-09-02T04:00:00.000Z,81.95
2026-09-03T04:00:00.000Z,82.07
2026-09-04T04:00:00.000Z,82.21
2026-09-08T04:00:00.000Z,82.2
2026-09-09T04:00:00.000Z,81.73
2026-09-10T04:00:00.000Z,80.78
2026-09-11T04:00:00.000Z,80.87
2026-09-14T04:00:00.000Z,80.93
2026-09-15T04:00:00.000Z,80.71
2026-09-16T04:00:00.000Z,80.88
2026-09-17T04:00:00.000Z,81.78
2026-09-18T04:00:00.000Z,81.25
2026-09-21T04:00:00.000Z,81.8
2026-09-22T04:00:00.000Z,81.75
2026-09-23T04:00:00.000Z,80.46
2026-09-24T04:00:00.000Z,79.42
2026-09-25T04:00:00.000Z,79.32
2026-09-28T04:00:00.000Z,78.62
2026-09-29T04:00:00.000Z,78.23
2026-09-30T04:00:00.000Z,77.78
2026-10-01T04:00:00.000Z,77.71
2026-10-02T04:00:00.000Z,77.48
