date,AAPL,MSFT,GOOGL,AMZN,NVDA,JPM,XOM,JNJ,GLD,TLT
2024-10-03,223.7978973389,410.062286377,164.7034454346,181.9600067139,122.5212478638,205.23,122.58,160.5,245.49,96.74
2024-10-04,224.9185180664,409.5896911621,165.8950653076,186.5099945068,124.5857086182,211.22,124.83,160.29,245.0,95.55
2024-10-07,219.8509063721,403.1711730957,161.8434906006,180.8000030518,127.3782119751,210.93,125.37,159.53,244.17,94.83
2024-10-08,223.8970489502,408.2607421875,163.2337799072,182.7200012207,132.5343780518,210.75,122.04,159.69,242.37,94.99
2024-10-09,227.6358032227,410.967956543,160.7313079834,185.1699981689,132.2950286865,213.42,122.09,160.65,241.05,94.45
2024-10-10,227.1399230957,409.3731079102,160.9497680664,186.6499938965,134.4492340088,212.84,123.14,160.51,242.82,94.08
2024-10-11,225.6623077393,409.845703125,162.1017150879,188.8200073242,134.4392700195,222.29,123.61,161.46,245.47,93.7
2024-10-14,229.3811950684,412.6218261719,163.8097076416,187.5399932861,137.7005157471,221.48,124.08,161.6,245.07,93.765
2024-10-15,231.9100341797,412.2280273438,164.3062286377,187.6900024414,131.247833252,222.39,120.35,164.1,245.92,94.91
2024-10-16,229.8571777344,409.6488037109,164.0083007812,186.8899993896,135.3568115234,223.64,120.66,164.28,247.15,95.31
2024-10-17,230.2241363525,410.2394714355,161.7938537598,187.5299987793,136.5635528564,224.42,120.35,164.47,248.63,93.8
2024-10-18,233.0504760742,411.657043457,162.2804260254,188.9900054932,137.6307067871,225.37,120.01,165.12,251.27,93.87
2024-10-21,234.5182189941,412.2674255371,162.9259338379,189.0700073242,143.3254394531,223.0,120.08,162.83,251.22,92.23
2024-10-22,233.9033660889,420.8616943359,163.9884643555,189.6999969482,143.2057495117,224.12,120.7,163.45,253.93,92.32
2024-10-23,228.8456573486,417.9969177246,161.6448974609,184.7100067139,139.1865081787,223.41,120.27,165.86,250.87,92.07
2024-10-24,228.6572570801,418.1249084473,161.5853424072,186.3800048828,140.0342712402,224.98,119.59,163.67,252.8,92.66
2024-10-25,229.4902801514,421.4916687012,164.1175537109,187.8300018311,141.1612243652,222.31,119.49,160.88,253.32,92.14
2024-10-28,231.463760376,419.9559936523,165.5574188232,188.3899993896,140.143951416,225.5,118.9,161.6,253.33,91.89
2024-10-29,231.7315368652,425.2326049805,168.4967956543,190.8300018311,140.8720092773,222.9,117.28,160.09,256.09,92.03
2024-10-30,228.1911315918,425.8035583496,173.2434539795,192.7299957275,138.9671020508,224.41,116.69,160.61,257.5,92.3
2024-10-31,224.0358734131,400.0307922363,169.9168395996,186.3999938965,132.4047088623,221.92,116.78,159.86,253.51,92.45
2024-11-01,221.0608062744,403.9881896973,170.0955657959,197.9299926758,135.0376434326,222.94,114.95,160.13,252.47,90.84
2024-11-04,220.1682281494,402.1078796387,168.0598754883,195.7799987793,135.6859130859,219.78,118.61,158.24,252.83,92.25
2024-11-05,221.596282959,405.0612182617,168.5563812256,199.5,139.5356140137,221.49,118.96,158.35,253.4,92.74
2024-11-06,220.8723449707,413.6456604004,175.2791290283,207.0899963379,145.2203521729,247.06,121.0,157.88,245.7,90.2
2024-11-07,225.5928649902,418.8139953613,179.4896087646,210.0500030518,148.4815826416,236.38,121.15,156.73,249.65,91.33
2024-11-08,225.324798584,415.9689331055,177.106338501,208.1799926758,147.2349243164,236.98,121.11,155.47,247.96,92.49
2024-11-11,222.6145019531,411.5093994141,179.0924072266,206.8399963379,144.8712921143,239.29,120.47,155.04,242.14,92.04
2024-11-12,222.6145019531,416.4513549805,180.3535308838,208.9100036621,147.893157959,239.56,120.35,152.64,240.05,90.66
2024-11-13,223.4980926514,418.5876159668,177.6326599121,214.1000061035,145.8785705566,241.16,121.47,153.24,237.63,89.8
2024-11-14,226.5757446289,420.2513122559,174.3556518555,211.4799957275,146.3672485352,241.87,120.56,151.87,237.01,90.32
2024-11-15,223.3789215088,408.5462036133,171.2872009277,202.6100006104,141.6000518799,245.31,119.31,154.0,236.59,90.08
2024-11-18,226.3771820068,409.2944030762,174.07762146,201.6999969482,139.7749481201,245.03,120.31,154.77,241.09,90.24
2024-11-19,226.6353149414,411.2928771973,176.8779602051,204.6100006104,146.6165924072,243.09,118.63,153.0,243.25,90.7
2024-11-20,227.350112915,409.0285644531,174.7528533936,202.8800048828,145.4996032715,240.78,120.32,153.11,244.62,90.41
2024-11-21,226.8735656738,407.2629089355,166.4611053467,198.3800048828,146.2774963379,244.76,121.93,155.5,246.66,90.34
2024-11-22,228.2138519287,411.3367614746,163.6110839844,197.1199951172,141.5701599121,248.55,121.79,155.17,249.84,90.39
2024-11-25,231.1922302246,413.1025085449,166.4809570312,201.4499969482,135.6560058594,250.29,119.97,155.78,242.48,92.73
2024-11-26,233.3664398193,422.1775512695,167.9407043457,207.8600006104,136.5535736084,249.97,117.97,154.52,242.95,92.37
2024-11-27,233.2373962402,417.2454528809,168.0498962402,205.7400054932,134.9778137207,249.79,117.66,155.4,243.49,93.01
2024-11-29,235.6201019287,417.7090454102,167.7718658447,207.8899993896,137.8800354004,249.72,117.96,155.01,245.59,93.97
2024-12-02,237.8638000488,425.1269836426,170.2941894531,210.7100067139,138.2590332031,246.25,117.85,154.8,243.44,93.87
2024-12-03,240.9017791748,425.343963623,170.1452026367,213.4400024414,139.8846588135,244.82,117.67,152.36,243.93,93.06
2024-12-04,241.2591705322,431.4794921875,173.1541137695,218.1600036621,144.7515716553,243.4,114.28,150.47,244.67,94.06
2024-12-05,241.2889556885,436.6088562012,171.4361419678,220.5500030518,144.6817626953,245.48,114.78,149.52,242.86,94.25
2024-12-06,241.0904083252,437.5459594727,173.4917449951,227.0299987793,142.0686187744,247.36,113.57,149.31,242.95,94.39
2024-12-09,244.9722442627,439.962677002,174.3466796875,226.0899963379,138.4480743408,243.81,112.9,149.6,245.36,93.52
2024-12-10,245.9848937988,437.3092346191,184.0895080566,225.0399932861,134.7178344727,242.86,112.67,149.23,248.59,93.08
2024-12-11,244.7140960693,442.8923950195,194.2598114014,230.2599945068,138.946762085,243.53,111.92,146.64,250.96,92.2
2024-12-12,246.1735229492,443.4546203613,190.8399047852,228.9700012207,136.9819030762,241.53,111.82,146.24,247.28,91.08
2024-12-13,246.342300415,441.1956787109,188.712387085,227.4600067139,133.8999938965,239.94,110.84,146.62,244.29,90.15
2024-12-16,249.2312927246,445.45703125,195.5124664307,232.9299926758,131.6558380127,239.58,108.47,143.85,244.88,90.42
2024-12-17,251.6537475586,448.2880554199,194.2796783447,231.1499938965,130.0500335693,238.36,108.01,146.41,243.94,90.64
2024-12-18,246.262878418,431.4499206543,187.3006591797,220.5200042725,128.5738983154,230.37,106.42,144.75,239.26,89.16
2024-12-19,247.9903411865,431.0947570801,187.4100341797,223.2899932861,130.339263916,232.96,105.51,143.58,239.6,87.81
2024-12-20,252.656463623,430.6706542969,190.2931060791,224.9199981689,134.3488006592,237.6,105.87,144.47,242.1,88.31
2024-12-23,253.4308624268,429.3389282227,193.4943237305,225.0599975586,139.305847168,238.39,106.3,145.27,240.96,87.5
2024-12-24,256.3397521973,433.3635253906,194.9656829834,229.0500030518,139.854385376,242.31,106.4,145.85,241.44,87.87
2024-12-26,257.1537780762,432.1601257324,194.4586791992,227.0500030518,139.5651702881,243.14,106.49,145.58,243.07,87.82
2024-12-27,253.7485198975,424.6830444336,191.6352081299,223.75,136.6527709961,241.17,106.48,145.05,241.4,87.1
2024-12-30,250.3829803467,419.0604858398,190.1240997314,221.3000030518,137.1315155029,239.32,105.76,143.34,240.63,87.8
2024-12-31,248.6157989502,415.7756652832,188.1954040527,219.3899993896,133.9398651123,239.71,107.57,144.62,242.13,87.33
2025-01-02,242.0931549072,412.8953552246,188.3246612549,220.2200012207,137.9493560791,240.0,107.31,144.02,245.42,87.57
2025-01-03,241.6066741943,417.6005859375,190.6708831787,224.1900024414,144.0933227539,243.28,107.86,144.19,243.49,87.29
2025-01-06,243.2348327637,422.0394897461,195.7212524414,227.6100006104,149.0403747559,240.85,107.74,143.66,243.19,86.9
2025-01-07,240.4649505615,416.6338500977,194.3493041992,222.1100006104,139.774597168,243.17,108.75,146.23,244.56,85.92
2025-01-08,240.9514007568,418.794128418,192.8182830811,222.1300048828,139.7446746826,243.13,106.93,142.27,245.86,86.03
2025-01-10,235.1435546875,413.260345459,190.919418335,218.9400024414,135.5556335449,239.87,106.54,142.06,248.21,85.46
2025-01-13,232.7111968994,411.5242614746,189.8954315186,218.4600067139,132.882598877,244.21,109.29,144.47,245.74,85.43
2025-01-14,231.5992736816,410.0248718262,188.5532989502,217.7599945068,131.4164733887,247.47,109.72,144.75,247.03,85.29
2025-01-15,236.1562042236,420.5203857422,194.4089660645,223.3500061035,135.8847961426,252.35,111.51,144.97,248.88,86.76
2025-01-16,226.615447998,418.8138427734,191.784362793,220.6600036621,133.2217559814,254.27,111.32,147.77,250.6,87.04
2025-01-17,228.323059082,423.2034301758,194.856338501,225.9400024414,137.3509521484,259.16,112.32,147.03,249.27,87.19
2025-01-21,221.0359344482,422.6806030273,196.8943634033,230.7100067139,140.4627990723,263.03,111.47,148.15,253.13,87.97
2025-01-22,222.2173461914,440.1402893066,197.2124938965,235.0099945068,146.6865386963,262.84,109.53,145.27,254.43,87.51
2025-01-23,222.0485992432,440.6433105469,196.8247680664,235.4199981689,146.8361816406,265.95,110.15,146.64,254.07,86.83
2025-01-24,221.1749267578,438.0293273926,199.0417633057,234.8500061035,142.2481536865,264.84,108.66,146.82,255.65,87.22
2025-01-27,228.2039337158,428.6582946777,190.6907806396,235.4199981689,118.1112365723,265.85,110.17,152.89,252.99,88.25
2025-01-28,236.5433959961,441.1266784668,194.1604003906,238.1499938965,128.6536712646,267.14,108.04,150.38,255.18,88.19
2025-01-29,237.6354827881,436.3227539062,194.2697753906,237.0700073242,123.3774719238,266.58,108.67,151.15,254.2,88.01
2025-01-30,235.8782196045,409.3540649414,199.6979064941,234.6399993896,124.3250045776,268.23,109.57,152.87,258.05,88.34
2025-01-31,234.299697876,409.4231567383,202.8295135498,237.6799926758,119.756942749,267.3,106.83,152.15,258.56,87.76
2025-02-03,226.3672485352,405.3393554688,200.0558013916,237.4199981689,116.3558273315,266.81,107.09,151.87,259.94,88.16
2025-02-04,231.1227416992,406.7696838379,205.1757507324,242.0599975586,118.340637207,267.94,109.96,153.49,262.5,88.43
2025-02-05,230.7951202393,407.6771850586,190.2135772705,236.1699981689,124.504524231,270.43,109.88,154.69,264.13,89.89
2025-02-06,231.5397186279,410.1728210449,190.4819946289,238.8300018311,128.3444824219,276.9,108.43,153.51,263.43,89.85
2025-02-07,225.9899902344,404.1852722168,184.2585449219,229.1499938965,129.5014648438,275.8,108.89,153.12,263.9,89.27
2025-02-10,226.2583312988,406.6217041016,185.381942749,233.1399993896,133.2217559814,271.04,110.97,154.24,268.37,89.0
2025-02-11,231.1979522705,405.8523254395,184.2386779785,232.7599945068,132.4537506104,274.99,111.67,156.13,267.39,88.43
2025-02-12,235.4219512939,403.4849243164,182.5386047363,228.9299926758,130.7980957031,275.45,107.35,155.26,267.67,87.23
2025-02-13,240.0534820557,404.9645690918,185.0538635254,230.3699951172,134.9372711182,276.32,108.13,157.25,270.31,88.68
2025-02-14,243.1047363281,402.8832092285,184.1491546631,228.6799926758,138.487991333,276.59,108.24,156.15,266.29,89.15
2025-02-18,242.9755096436,404.0768127441,182.6976928711,226.6499938965,139.0365447998,279.95,110.14,154.99,270.7,88.1
2025-02-19,243.3730621338,409.1371459961,184.1889648438,226.6300048828,138.866973877,279.25,110.3,157.89,270.85,88.21
2025-02-20,244.3271942139,411.3016967773,183.4830627441,222.8800048828,139.7446746826,266.8,112.0,159.68,270.99,88.54
2025-02-21,244.0489044189,403.4736022949,178.6116638184,216.5800018311,134.079498291,264.24,110.69,162.3,270.74,89.61
2025-02-24,245.5894470215,399.3124084473,178.2040710449,212.7100067139,129.940322876,261.34,111.27,163.74,272.21,89.87
2025-02-25,245.5297851562,393.283203125,174.3963928223,212.8000030518,126.2998275757,257.4,109.73,166.09,268.62,91.42
2025-02-26,238.8906402588,395.0919799805,171.7220916748,214.3500061035,130.9376983643,258.79,109.46,163.08,269.03,91.96
2025-02-27,235.8493347168,387.9754943848,167.516784668,208.7400054932,119.8367233276,259.05,110.15,163.73,264.93,91.31
2025-02-28,240.3615722656,392.3837585449,169.2864074707,212.2799987793,124.594291687,264.65,111.33,165.02,263.27,92.43
2025-03-03,236.5748901367,383.9823913574,166.0354919434,205.0200042725,113.7626037598,260.62,107.76,167.28,266.74,92.57
2025-03-04,234.4877166748,384.100982666,169.9226837158,203.8000030518,115.6875686646,250.25,107.54,165.42,269.06,91.43
2025-03-05,234.2988891602,396.366973877,172.0104217529,208.3600006104,116.9941635132,251.53,105.44,165.12,269.62,90.7
2025-03-06,233.8913879395,392.284942627,171.3443145752,200.6999969482,110.2817001343,246.54,107.62,165.83,268.25,90.4
2025-03-07,237.6085357666,388.7464599609,172.8455200195,199.25,112.3961868286,242.28,109.02,166.69,268.39,90.11
2025-03-10,226.0893859863,375.7490234375,165.0920410156,194.5399932861,106.7010650635,232.22,111.8,167.7,266.04,91.05
2025-03-11,219.4899597168,376.0357055664,163.2706298828,196.5899963379,108.4764251709,229.14,109.16,165.86,269.16,90.4
2025-03-12,215.6535491943,378.8229370117,166.3262481689,198.8899993896,115.4488372803,227.9,109.13,162.85,270.33,89.86
2025-03-13,208.3981781006,374.3751525879,161.9966430664,193.8899993896,115.2892532349,225.19,108.67,162.99,275.13,90.65
2025-03-14,212.1848907471,384.051574707,164.7138366699,197.9499969482,121.3639221191,232.44,111.9,162.81,275.24,90.17
2025-03-17,212.6917724609,384.1899414062,163.5194549561,195.7400054932,119.2293167114,233.93,113.76,162.84,276.73,90.62
2025-03-18,211.3897857666,379.0700683594,159.9164276123,192.8200073242,115.1396255493,234.97,113.64,164.25,279.96,90.71
2025-03-19,213.9241943359,383.3201293945,163.1213378906,195.5399932861,117.224357605,239.11,115.41,162.99,281.11,91.18
2025-03-20,212.7911987305,382.3515014648,162.0364532471,194.9499969482,118.2318191528,239.01,115.9,163.02,280.75,91.24
2025-03-21,216.9356842041,386.7202758789,163.2208557129,196.2100067139,117.4039077759,241.63,115.5,163.63,278.49,90.7
2025-03-24,219.3806152344,388.5190734863,166.8935546875,203.2599945068,121.1045837402,248.06,115.8,163.29,277.25,89.77
2025-03-25,222.3821868896,390.575012207,169.7600402832,205.7100067139,120.386390686,251.13,116.59,161.02,278.47,89.76
2025-03-26,220.1757507324,385.4452209473,164.2858428955,201.1300048828,113.4738235474,251.03,118.27,161.72,278.24,89.17
2025-03-27,222.4815826416,386.0480957031,161.4790802002,201.3600006104,111.1496810913,248.12,117.89,163.13,281.97,88.91
2025-03-28,216.5679168701,374.4047851562,153.6062011719,192.7200012207,109.3941040039,242.85,117.73,163.71,284.06,90.14
2025-03-31,220.7720794678,371.0343933105,153.9147186279,190.2599945068,108.1073532104,245.3,118.93,165.84,288.14,91.03
2025-04-01,221.8256072998,377.7554931641,156.3333282471,192.1699981689,109.8729095459,243.66,119.04,153.25,287.57,91.49
2025-04-02,222.5213317871,377.7061157227,156.3034667969,196.0099945068,110.1422195435,245.82,118.67,155.36,288.16,91.43
2025-04-03,201.947845459,368.7807922363,150.0131225586,178.4100036621,101.5439224243,228.69,112.43,159.82,286.42,91.85
2025-04-04,187.2284240723,355.6647949219,144.9171295166,171.0,94.0727539062,210.28,104.34,153.24,279.72,92.85
2025-04-07,180.3507080078,353.7077941895,146.0617370605,175.2599945068,97.3943710327,214.44,102.94,150.62,273.71,90.05
2025-04-08,171.3659362793,350.4460754395,144.0213470459,170.6600036621,96.0577545166,216.87,100.77,150.0,275.2,88.35
2025-04-09,197.6344146729,385.9592285156,157.9656219482,191.1000061035,114.0423965454,234.34,105.8,150.97,285.38,88.87
2025-04-10,189.2559204102,376.9252319336,152.1032562256,181.2200012207,107.2993927002,227.11,99.93,148.69,292.35,86.42
2025-04-11,196.9386749268,383.9428710938,156.4029998779,184.8699951172,110.6509475708,236.2,103.14,151.73,297.93,86.89
2025-04-14,201.2819671631,383.3103027344,158.3239593506,182.1199951172,110.4315032959,234.72,103.39,154.36,296.23,87.51
2025-04-15,200.9042816162,381.2544555664,155.5768890381,179.5899963379,111.9177474976,233.13,103.1,153.62,297.78,87.82
2025-04-16,193.0824127197,367.2981872559,152.6108551025,174.3300018311,104.227142334,229.61,104.19,153.91,307.47,88.31
2025-04-17,195.7758178711,363.5126647949,150.4510345459,172.6100006104,101.2346954346,231.96,106.92,157.47,306.12,87.53
2025-04-21,191.9791870117,354.9531555176,146.9774017334,167.3200073242,96.6662216187,228.99,105.35,156.92,315.59,86.0
2025-04-22,198.518951416,362.5638122559,150.7595825195,173.1799926758,98.6412200928,235.59,108.3,157.75,311.11,86.48
2025-04-23,203.3492584229,370.0460205078,154.6214141846,180.6000061035,102.4516143799,240.88,107.37,155.38,303.65,87.32
2025-04-24,207.096206665,382.8061828613,158.5329437256,186.5399932861,106.1622619629,244.64,108.63,154.93,308.07,88.24
2025-04-25,208.0006256104,387.3034057617,161.2004089355,188.9900054932,110.7307510376,243.55,108.57,154.58,304.73,88.89
2025-04-28,208.8553771973,386.6214294434,159.8567047119,187.6999969482,108.456489563,243.22,108.63,155.35,309.07,89.45
2025-04-29,209.918838501,389.4680175781,159.4088439941,187.3899993896,108.7457351685,244.62,108.36,155.91,306.06,90.2
2025-04-30,211.2009735107,390.673828125,158.05519104,184.4199981689,108.6459960938,244.62,105.63,156.31,303.77,89.47
2025-05-01,212.0159606934,420.4641113281,160.54347229,190.1999969482,111.3292388916,246.89,105.78,154.46,297.46,88.69
2025-05-02,204.0946502686,430.2294921875,163.2606811523,189.9799957275,114.2119598389,252.51,106.21,156.12,297.98,87.73
2025-05-05,197.6741485596,431.1091918945,163.4398498535,186.3500061035,113.5336761475,252.56,103.27,155.0,306.88,87.24
2025-05-06,197.2964630127,428.2823486328,162.4644165039,185.0099945068,113.2543792725,249.25,104.71,154.47,315.48,87.53
2025-05-07,195.0502929688,428.3218994141,150.6700134277,188.7100067139,116.7655258179,249.39,104.61,157.3,310.75,87.9
2025-05-08,196.2827148438,433.0859680176,153.556427002,192.0800018311,117.0747451782,253.47,106.07,155.66,304.63,86.92
2025-05-09,197.3163604736,433.6394348145,152.0335693359,193.0599975586,116.3565673828,253.08,107.31,154.22,306.84,87.05
2025-05-12,209.7761383057,444.0472717285,157.7168121338,208.6399993896,122.690574646,260.05,109.16,154.14,298.19,86.24
2025-05-13,211.9058380127,443.9287109375,158.7817840576,211.3699951172,129.6031341553,263.01,109.46,148.44,299.46,85.89
2025-05-14,211.3087158203,447.6845703125,164.5944061279,210.25,134.9995422363,265.64,108.48,146.36,293.16,85.32
2025-05-15,210.4329681396,448.6946105957,163.1910095215,205.1699981689,134.4908294678,267.49,108.58,149.61,297.84,86.07
2025-05-16,210.2438812256,449.8234558105,165.4105682373,205.5899963379,135.0593719482,267.56,108.19,151.33,294.24,86.3
2025-05-19,207.7758026123,454.3784179688,165.758895874,206.1600036621,135.2289733887,264.88,106.47,152.49,298.03,86.05
2025-05-20,205.8650512695,453.6852722168,163.2109222412,204.0700073242,134.0419464111,265.68,104.95,153.66,303.58,85.43
2025-05-21,201.1179656982,448.1400756836,167.7694244385,201.1199951172,131.468460083,261.04,103.66,153.18,305.82,83.97
2025-05-22,200.3914794922,450.4076538086,170.0685882568,203.1000061035,132.4958648682,260.67,102.97,152.61,303.11,84.41
2025-05-23,194.3307952881,445.7734985352,167.6798553467,200.9900054932,130.9597167969,260.71,103.03,152.94,309.75,84.55
2025-05-27,199.2470245361,456.1805725098,172.0890808105,206.0200042725,135.1591339111,265.29,103.52,153.25,304.5,85.73
2025-05-28,199.4560241699,452.8832092285,171.5516204834,204.7200012207,134.4708709717,263.49,102.11,152.43,303.81,85.36
2025-05-29,198.9882659912,454.1902770996,171.0539550781,205.6999969482,138.83984375,264.37,102.69,153.58,305.61,86.15
2025-05-30,199.8839569092,455.8538208008,170.9345397949,205.0099945068,134.7900848389,264.0,102.3,155.21,303.6,86.28
2025-06-02,200.7298583984,457.4480895996,168.2372589111,206.6499938965,137.0343933105,264.66,103.05,155.4,311.67,85.16
2025-06-03,202.2922973633,458.438293457,165.4005737305,205.7100067139,140.8647460938,266.27,103.8,154.42,308.91,85.01
2025-06-04,201.8444671631,459.3294677734,167.2618255615,207.2299957275,141.5629882812,264.22,102.3,153.22,310.9,86.39
2025-06-05,199.6650238037,463.1021728516,167.4210968018,207.9100036621,139.6378173828,261.95,101.83,153.66,309.33,86.45
2025-06-06,202.939163208,465.7757263184,172.8654022217,213.5700073242,141.3635101318,265.73,104.27,155.03,305.18,85.35
2025-06-09,200.4810638428,468.1225585938,175.4762878418,216.9799957275,142.2712097168,266.74,104.97,155.23,306.62,85.44
2025-06-10,201.6951751709,466.3104858398,177.9775695801,217.6100006104,143.5978546143,268.6,107.22,156.45,306.71,85.88
2025-06-11,197.8238983154,467.9938354492,176.7319030762,213.1999969482,142.4805908203,268.15,109.31,155.26,308.37,86.14
2025-06-12,198.2418670654,474.1826477051,175.0876617432,213.2400054932,144.6452941895,268.24,109.73,156.66,312.2,87.17
2025-06-13,195.5050964355,470.3109130859,174.0612335205,212.1000061035,141.6226959229,264.95,112.12,157.1,316.29,86.33
2025-06-16,197.465637207,474.450012207,176.1539154053,216.1000061035,144.3360443115,270.36,112.48,155.22,311.78,85.46
2025-06-17,194.6989898682,473.3607788086,175.3367614746,214.8200073242,143.7674407959,269.52,114.0,152.38,311.94,86.5
2025-06-18,195.634475708,475.5392456055,172.7159576416,212.5200042725,145.1240997314,273.96,113.19,150.73,310.26,86.65
2025-06-20,200.0332183838,472.7270202637,166.0592346191,209.6900024414,143.4981079102,275.0,114.7,149.79,310.13,86.49
2025-06-23,200.5308380127,481.2428588867,164.6142883301,208.4700012207,143.8173217773,278.27,111.74,151.32,311.08,86.77
2025-06-24,199.3365936279,485.3125915527,166.1887817383,212.7700042725,147.5381774902,281.26,108.34,152.19,306.19,87.4
2025-06-25,200.5905303955,487.4514770508,170.0851287842,211.9900054932,153.9324951172,284.06,108.37,152.28,307.12,87.51
2025-06-26,200.0332183838,492.5807800293,172.9351806641,217.1199951172,154.6407623291,288.75,109.99,152.01,306.78,87.95
2025-06-27,200.1128234863,491.0855712891,177.9077911377,223.3000030518,157.364074707,287.11,109.38,152.41,301.22,87.39
2025-06-30,204.1831665039,492.5411987305,175.6157836914,219.3899993896,157.603515625,289.91,107.8,152.75,304.83,88.25
2025-07-01,206.8204345703,487.2336120605,175.2271575928,220.4600067139,152.9249572754,290.41,109.24,155.92,307.55,88.14
2025-07-02,211.4181976318,486.2830505371,178.0173950195,219.9199981689,156.8653106689,292.0,111.05,155.56,309.25,87.58
2025-07-03,212.5228729248,493.9571838379,178.904296875,223.4100036621,158.9501953125,296.0,112.2,156.01,307.14,86.97
2025-07-07,208.9401550293,492.8481445312,176.173828125,223.4700012207,157.8529052734,291.97,111.11,155.27,307.37,86.14
2025-07-08,208.9998931885,491.7588806152,173.7523040771,219.3600006104,159.608581543,282.78,114.19,155.79,304.16,86.03
2025-07-09,210.1244506836,498.5814819336,176.0044403076,222.5399932861,162.4815368652,283.16,113.8,156.28,305.52,86.93
2025-07-10,211.3883361816,496.5713195801,177.0009613037,222.2599945068,163.6985473633,288.19,114.93,157.69,306.2,86.99
2025-07-11,210.1443481445,498.3933105469,179.5620117188,225.0200042725,164.5165405273,286.86,115.43,156.9,309.14,85.79
2025-07-14,207.6165466309,498.0962524414,180.927230835,225.6900024414,163.6686401367,288.7,113.92,156.82,308.01,85.61
2025-07-15,208.1042175293,500.8688354492,181.3657073975,226.3500061035,170.2824249268,286.55,112.91,155.17,306.73,85.01
2025-07-16,209.1491851807,500.6708068848,182.332321167,223.1900024414,170.9507598877,285.82,112.23,164.78,308.26,85.13
2025-07-17,209.0098419189,506.6912841797,182.9401702881,223.8800048828,172.5767669678,289.9,111.66,162.98,307.59,85.11
2025-07-18,210.1642456055,505.057434082,184.4150238037,226.1300048828,171.9882354736,291.27,107.77,163.7,308.39,85.24
2025-07-21,211.4579925537,505.0673217773,189.4374542236,229.3000030518,170.9607391357,290.97,108.05,164.36,313.13,86.0
2025-07-22,213.3687896729,500.32421875,190.6731262207,227.4700012207,166.6213989258,291.43,108.54,167.93,316.1,86.52
2025-07-23,213.1199798584,500.9183654785,189.5670318604,228.2899932861,170.3622131348,296.76,109.93,169.1,312.18,86.04
2025-07-24,212.731842041,505.8793029785,191.5002288818,232.2299957275,173.3149871826,296.55,110.79,169.56,310.27,85.89
2025-07-25,212.851272583,508.6816711426,192.506729126,231.4400024414,173.0755767822,298.62,110.4,168.3,307.4,86.43
2025-07-28,213.0204620361,507.4834594727,191.9088134766,232.7899932861,176.3176269531,298.28,111.44,166.22,305.41,85.87
2025-07-29,210.2538299561,507.5527648926,195.067779541,231.0099945068,175.0806274414,297.04,112.88,168.11,306.25,87.32
2025-07-30,208.0445098877,508.216217041,195.8450622559,230.1900024414,178.831451416,299.63,111.9,167.26,300.96,86.87
2025-07-31,206.5716400146,528.2778320312,191.2312011719,234.1100006104,177.4348754883,296.24,111.64,164.74,302.96,86.92
2025-08-01,201.4066009521,518.9797973633,188.4708557129,214.75,173.2950286865,289.37,109.64,167.33,309.11,87.82
2025-08-04,202.3719177246,530.3970336914,194.3602600098,211.6499938965,179.559677124,294.26,107.37,171.04,310.91,88.06
2025-08-05,201.9439849854,522.5841674805,193.9915161133,213.75,177.8238983154,291.37,107.24,170.74,311.16,88.33
2025-08-06,212.224319458,519.8017578125,195.4065856934,222.3099975586,178.9810791016,291.35,106.51,170.59,310.5,87.82
2025-08-07,218.9716796875,515.7418823242,195.8350830078,223.1300048828,180.3277740479,286.94,105.95,171.53,313.12,87.67
2025-08-08,228.2468719482,516.9300537109,200.7180023193,222.6900024414,182.2530517578,288.76,106.8,173.33,313.05,87.29
2025-08-11,226.3438873291,516.6627807617,200.2994689941,221.3000030518,181.6146240234,289.56,105.83,173.82,308.55,87.39
2025-08-12,228.8047943115,524.0596313477,202.6313171387,221.4700012207,182.7119293213,292.85,106.13,172.78,308.27,86.95
2025-08-13,232.4712524414,515.4844360352,201.2561340332,224.5599975586,181.1457672119,290.53,107.6,174.42,309.21,87.67
2025-08-14,231.9232788086,517.3657836914,202.232711792,230.9799957275,181.57472229,294.16,107.38,174.72,307.25,87.02
2025-08-15,230.7376403809,515.0783691406,203.1893615723,231.0299987793,180.0085601807,290.49,106.49,176.64,307.43,86.4
2025-08-18,230.0402374268,512.0383911133,202.7907562256,231.4900054932,181.5647277832,291.53,106.72,176.25,306.95,86.15
2025-08-19,229.71144104,504.7801818848,200.8675079346,228.0099945068,175.2103271484,290.66,107.42,177.8,305.27,86.65
2025-08-20,225.1781768799,500.7698364258,198.6253356934,223.8099975586,174.970916748,292.24,108.53,178.84,308.36,86.84
2025-08-21,224.0722808838,500.1251220703,199.0538482666,221.9499969482,174.5519104004,291.47,109.23,178.93,307.29,86.41
2025-08-22,226.9217376709,503.0907592773,205.3717346191,228.8399963379,177.5545806885,296.24,111.28,179.29,310.58,87.05
2025-08-25,226.3239593506,500.1449890137,207.7633666992,227.9400024414,179.3701171875,294.9,111.74,178.41,309.83,86.8
2025-08-26,228.4660491943,497.9430847168,206.4180755615,228.7100067139,181.3253326416,298.57,111.49,176.49,312.08,86.75
2025-08-27,229.641708374,502.6047363281,206.7568664551,229.1199951172,181.1557617188,299.28,112.75,176.79,312.71,86.65
2025-08-28,231.7040863037,505.4810791016,210.9023895264,231.6000061035,179.7292327881,301.07,113.35,175.45,315.03,87.22
2025-08-29,231.2856292725,502.5551452637,212.16796875,229.0,173.7538757324,301.42,114.29,177.17,318.07,86.6
2025-09-02,228.8745574951,500.9979248047,210.6134185791,225.3399963379,170.3622131348,299.7,114.69,178.06,325.59,85.63
2025-09-03,237.5923461914,501.2260742188,229.8561248779,225.9900054932,170.2026062012,299.51,111.91,178.0,328.14,86.57
2025-09-04,238.8975067139,503.8247070312,231.4903869629,235.6799926758,171.2400512695,303.82,112.4,178.76,326.69,87.23
2025-09-05,238.8078460693,490.9605407715,234.1809844971,232.3300018311,166.6114196777,294.38,109.23,178.43,331.05,88.56
2025-09-08,237.0045013428,494.1344299316,233.4329223633,235.8399963379,167.8982696533,292.91,109.85,178.13,334.82,89.74
2025-09-09,233.4875030518,494.3426818848,239.0084381104,238.2400054932,170.3422698975,297.85,110.65,176.96,334.06,89.23
2025-09-10,225.9553222656,496.2867431641,238.549621582,230.3300018311,176.896194458,300.54,112.5,175.79,335.26,89.74
2025-09-11,229.1833953857,496.9215087891,239.7465209961,229.9499969482,176.7465515137,305.56,112.14,178.5,334.76,90.34
2025-09-12,233.2085418701,505.7389526367,240.1753997803,228.1499938965,177.3949890137,306.91,112.16,178.06,335.42,89.95
2025-09-15,235.8288421631,511.1543884277,250.9573364258,231.4299926758,177.3251800537,308.9,112.35,177.4,338.91,90.16
2025-09-16,237.2735137939,504.8859558105,250.5085144043,234.0500030518,174.4620361328,309.19,114.68,176.46,339.59,90.35
2025-09-17,238.1104278564,505.8579711914,248.8827362061,231.6199951172,169.8829803467,311.75,115.29,177.2,336.97,90.12
2025-09-18,237.0045013428,504.30078125,251.3762512207,231.2299957275,175.8187866211,313.23,113.93,174.16,335.62,89.19
2025-09-19,244.5964508057,513.7034912109,254.0592803955,231.4799957275,176.2477416992,314.78,112.82,176.19,339.18,89.02
2025-09-22,255.1374969482,510.2518310547,251.8749542236,227.6300048828,183.1711578369,312.44,112.02,174.21,345.05,88.7
2025-09-23,253.4936065674,505.074432373,251.0072174072,220.7100067139,178.0035400391,312.74,113.95,176.58,346.46,89.32
2025-09-24,251.3813934326,505.986907959,246.4989471436,220.2100067139,176.5470275879,313.42,114.56,176.69,343.32,88.98
2025-09-25,255.9245910645,502.892364502,245.1524353027,218.1499938965,177.2653045654,313.45,115.59,177.73,344.75,88.98
2025-09-26,254.5198059082,507.2861938477,245.9004821777,219.7799987793,177.7641143799,316.06,117.22,179.71,346.74,88.9
2025-09-29,253.4936065674,510.4005126953,243.4169616699,222.1699981689,181.4153594971,315.69,114.22,181.62,352.46,89.63
2025-09-30,253.6928710938,513.7232666016,242.4694366455,219.5700073242,186.1340637207,315.43,112.75,185.42,355.47,89.37
2025-10-01,254.5098419189,515.4688720703,244.264755249,220.6300048828,186.7924804688,310.71,111.99,186.05,356.03,89.29
2025-10-02,256.1836853027,511.5313110352,245.0527191162,222.4100036621,188.4385528564,307.55,111.29,185.98,354.79,89.55
2025-10-03,257.0704040527,513.128112793,244.7135772705,219.5099945068,187.1715698242,310.03,113.26,188.64,357.64,89.38
2025-10-06,255.7452850342,524.2565917969,249.7804107666,220.8999938965,185.0965423584,309.18,114.2,188.16,364.38,88.67
2025-10-07,255.5360717773,519.7039794922,245.1225280762,221.7799987793,184.5977478027,307.69,114.26,188.89,366.26,89.18
2025-10-08,257.1102600098,520.5668945312,243.9854736328,225.2200012207,188.6580047607,304.03,114.02,189.69,372.3,89.25
2025-10-09,253.1050262451,518.1369628906,240.9034881592,227.7400054932,192.1097412109,305.53,112.91,191.08,365.43,89.18
2025-10-10,244.3673095703,506.7902832031,235.9563446045,216.3699951172,182.7222290039,300.89,110.73,190.72,369.12,90.62
2025-10-13,246.7485198975,509.8550720215,243.516708374,220.0700073242,187.8699035645,307.97,112.24,190.9,378.09,90.57
2025-10-14,246.8581085205,509.3789978027,244.8133239746,216.3899993896,179.5997161865,302.08,112.29,190.85,380.79,90.86
2025-10-15,248.4223327637,509.2401428223,250.3788452148,215.5700073242,179.4001922607,305.69,111.61,191.17,387.39,90.66
2025-10-16,246.539276123,507.4349975586,250.807723999,214.4700012207,181.3754425049,298.54,110.64,192.12,396.45,91.34
2025-10-17,251.3614654541,509.3889770508,252.6429748535,213.0399932861,182.7820892334,297.56,112.24,193.22,388.99,91.2
2025-10-20,261.2748413086,512.5727539062,255.8845367432,216.4799957275,182.2034606934,302.36,112.7,193.72,403.15,91.55
2025-10-21,261.8029174805,513.4356079102,249.8103179932,222.0299987793,180.7270202637,297.09,112.71,191.88,377.24,92.0
2025-10-22,257.4988098145,516.2920532227,251.0371551514,217.9499969482,179.8491210938,294.11,114.71,192.94,377.28,92.06
2025-10-23,258.6246337891,516.3119506836,252.423538208,221.0899963379,181.7246398926,294.54,115.98,192.47,378.79,91.43
2025-10-24,261.852722168,519.3370361328,259.2458190918,224.2100067139,185.8148040771,300.44,115.39,190.4,377.52,91.47
2025-10-27,267.8206481934,527.1825561523,268.5715026855,226.9700012207,191.032333374,304.15,115.94,190.3,367.01,91.78
2025-10-28,268.0099487305,537.6464233398,266.7762145996,229.25,200.5495147705,305.36,115.03,186.93,364.38,92.02
2025-10-29,268.7073974609,537.1306152344,273.8578186035,230.3000030518,206.5451660156,305.51,116.45,186.6,363.0,91.09
2025-10-30,270.4011230469,521.4694824219,280.7499084473,222.8600006104,202.4050750732,309.44,114.69,189.05,370.13,90.56
2025-10-31,269.3749389648,513.5843505859,280.4606323242,244.2200012207,202.0060272217,311.12,114.36,188.87,368.12,90.29
2025-11-03,268.0597839355,512.8107299805,282.9840393066,254.0,206.3855438232,309.35,113.76,186.26,368.78,89.74
2025-11-04,269.0461425781,510.1328430176,276.820098877,249.3200073242,198.2151184082,309.25,114.14,186.86,362.32,89.94
2025-11-05,269.1458129883,503.0213317871,283.5725097656,250.1999969482,194.7434539795,311.68,113.68,186.0,366.51,88.96
2025-11-06,268.777130127,493.0433959961,284.0114135742,243.0399932861,187.6304779053,313.42,114.5,186.97,366.07,89.76
2025-11-07,267.4819335938,492.7656860352,278.1066894531,244.4100036621,187.700302124,314.21,117.22,186.57,368.31,89.57
2025-11-10,268.6985778809,501.8707580566,289.3475036621,248.3999938965,198.5742645264,316.89,118.22,188.41,378.38,89.55
2025-11-11,274.5028076172,504.5289001465,290.5543823242,249.1000061035,192.6983337402,315.62,119.78,193.83,379.87,89.96
2025-11-12,272.7276611328,506.9688415527,285.9663085938,244.1999969482,193.3368225098,320.41,118.12,194.39,385.99,90.12
2025-11-13,272.2090759277,499.1828918457,277.847442627,237.5800018311,186.4133758545,309.48,118.79,195.25,382.87,89.38
2025-11-14,271.6705322266,506.0166625977,275.6930236816,234.6900024414,189.7154693604,303.61,119.29,195.93,375.96,88.87
2025-11-17,266.7339782715,503.3485717773,284.2806396484,232.8699951172,186.154006958,300.37,117.68,199.58,371.65,89.09
2025-11-18,266.7139892578,489.7604370117,283.5426330566,222.5500030518,180.9265289307,299.41,119.03,200.0,374.35,89.06
2025-11-19,267.8309936523,483.1448364258,292.0504455566,222.6900024414,186.0741882324,303.27,117.35,202.51,374.96,88.88
2025-11-20,265.5272521973,475.4138793945,288.69921875,217.1399993896,180.2082519531,298.38,117.02,203.07,374.85,89.23
2025-11-21,270.7529907227,469.1436462402,298.8826904297,220.6900024414,178.4524688721,298.02,117.08,203.9,374.27,89.5
2025-11-24,275.1710205078,471.0118103027,317.7536010742,226.2799987793,182.1137084961,298.0,115.97,206.05,380.2,90.01
2025-11-25,276.2181396484,473.9829406738,322.6010131836,229.6699981689,177.3949890137,303.0,114.51,206.67,380.08,90.24
2025-11-26,276.7965698242,482.4393310547,319.1201171875,229.1600036621,179.8291625977,307.64,114.77,207.56,383.12,90.64
2025-11-28,278.0930480957,488.9082946777,319.3494873047,233.2200012207,176.5769500732,313.08,115.92,206.92,387.88,90.21
2025-12-01,282.3314819336,483.6714782715,314.0732116699,233.8800048828,179.4899749756,308.92,116.63,205.34,389.75,88.77
2025-12-02,285.4131164551,486.910949707,314.990814209,234.4199981689,181.0263061523,307.88,115.38,205.42,387.24,88.81
2025-12-03,283.3786621094,474.7182922363,318.8009338379,232.3800048828,179.1607666016,312.13,117.8,205.33,386.88,89.06
2025-12-04,279.9380493164,477.8087158203,316.7961120605,229.1100006104,182.9519042969,316.1,117.14,202.48,387.13,88.58
2025-12-05,278.023223877,480.114074707,320.4366149902,229.5299987793,181.984161377,315.04,116.54,201.93,386.44,88.17
2025-12-08,277.1356506348,487.9245300293,313.1109008789,226.8899993896,185.1168212891,315.21,115.98,201.62,385.42,87.88
2025-12-09,276.4275512695,488.918182373,316.4643859863,227.9199981689,184.538192749,300.51,118.25,199.96,387.4,87.97
2025-12-10,278.023223877,475.5430908203,319.5883178711,231.7799987793,183.3509521484,310.11,119.54,206.54,389.05,88.31
2025-12-11,277.2752380371,480.4221191406,311.823425293,230.2799987793,180.507598877,317.38,119.54,210.01,393.24,88.19
2025-12-12,277.524597168,475.5132446289,308.6895141602,226.1900024414,174.6114044189,318.52,118.82,211.58,395.44,87.34
2025-12-15,273.3658752441,471.8266601562,307.6215820312,222.5399932861,175.8784332275,320.02,117.76,214.17,395.8,87.4
2025-12-16,273.8645324707,473.3867797852,305.9747924805,222.5599975586,177.3051147461,315.55,114.68,209.3,395.89,87.88
2025-12-17,271.1020812988,473.1184387207,296.1439208984,221.2700042725,170.5409393311,314.98,117.41,210.33,399.29,87.8
2025-12-18,271.4511108398,480.928894043,301.8727722168,226.7599945068,173.7334594727,313.0,116.54,208.31,398.57,88.22
2025-12-19,272.927154541,482.8566589355,306.563659668,227.3500061035,180.5674743652,317.21,116.69,206.37,399.02,87.55
2025-12-22,270.2344360352,481.8630065918,309.1785583496,228.4299926758,183.2611541748,323.09,118.15,207.32,408.23,87.36
2025-12-23,271.6206665039,483.7807922363,313.7396850586,232.1399993896,188.7682952881,325.93,119.42,205.78,413.64,87.5
2025-12-24,273.0667114258,484.9434204102,313.4801940918,232.3800048828,188.1696777344,329.17,119.22,207.78,411.93,88.03
2025-12-26,272.6578369141,484.6353759766,312.9013366699,232.5200042725,190.0851898193,327.91,119.11,207.63,416.74,87.74
2025-12-29,273.0168762207,484.0292358398,312.9512329102,232.0700073242,187.7805938721,323.75,120.53,207.56,398.6,88.07
2025-12-30,272.338684082,484.406829834,313.2406616211,232.5299987793,187.1021728516,323.42,120.99,206.91,398.89,87.86
2025-12-31,271.1220092773,480.5711669922,312.3923339844,230.8200073242,186.0646209717,322.22,120.34,206.95,396.31,87.16
2026-01-02,270.2743530273,469.9584960938,314.5381164551,226.5,188.4091186523,325.48,122.65,207.35,398.28,87.03
2026-01-05,266.5345458984,469.8691101074,315.9254455566,233.0599975586,187.6808319092,334.04,125.36,204.31,408.76,87.46
2026-01-06,261.6477661133,475.4934082031,313.729675293,240.9299926758,186.8028869629,334.61,121.05,204.79,413.18,87.28
2026-01-07,259.6233215332,480.4221191406,321.354888916,241.5599975586,188.6685028076,326.99,118.49,207.49,409.23,87.79
2026-01-08,258.3368530273,475.0958862305,324.8081665039,246.2899932861,184.6080169678,329.79,122.91,205.75,411.49,87.35
2026-01-09,258.6659240723,476.2585144043,327.9320983887,247.3800048828,184.4284362793,329.19,124.61,204.39,414.47,87.93
2026-01-12,259.5435180664,474.1717529297,331.2156982422,246.4700012207,184.5082550049,324.49,124.03,209.72,422.23,87.67
2026-01-13,260.3413696289,467.7028198242,335.3176879883,242.6000061035,185.3762207031,310.9,126.54,213.65,421.63,87.82
2026-01-14,259.2543334961,456.4839782715,335.1879577637,236.6499938965,182.7124481201,307.87,130.2,218.55,425.94,88.33
2026-01-15,257.5090637207,453.7811279297,332.1339416504,238.1799926758,186.6133270264,309.26,129.13,219.57,423.33,88.31
2026-01-16,254.8363647461,456.9609375,329.3593139648,239.1199951172,185.7952270508,312.47,129.89,218.66,421.29,87.8
2026-01-20,246.0303192139,451.6546325684,321.3748474121,231.0,177.6542816162,302.74,130.46,218.21,437.23,86.65
2026-01-21,246.9777526855,441.3102416992,327.7424621582,231.3099975586,182.8920440674,302.04,133.61,218.01,443.6,87.31
2026-01-22,247.6758422852,448.2959289551,329.8982543945,234.3399963379,184.4084777832,303.63,133.64,218.49,451.79,87.69
2026-01-23,247.36668396,463.0125732422,327.2933349609,239.1600036621,187.2318725586,297.72,134.97,220.14,458.0,87.93
2026-01-26,254.7166748047,467.3152770996,332.6129760742,238.4199981689,186.0346832275,301.04,134.84,221.49,464.7,88.35
2026-01-27,257.5689086914,477.5503234863,333.9004516602,244.6799926758,188.0798950195,300.31,136.83,224.44,476.1,87.8
2026-01-28,255.7438812256,478.5937194824,335.357635498,243.0099945068,191.0728912354,300.77,137.58,227.72,494.56,87.6
2026-01-29,257.5788574219,430.7671508789,337.5932922363,241.7299957275,192.0605621338,306.42,140.51,227.29,495.9,87.62
2026-01-30,258.7756347656,427.5773925781,337.3437805176,239.3000030518,190.6837921143,305.89,141.4,227.25,444.95,87.13
2026-02-02,269.2770690918,420.7010192871,343.0227050781,242.9600067139,185.1766967773,308.14,138.4,230.75,427.13,86.55
2026-02-03,268.7485046387,408.6176452637,339.0504455566,238.6199951172,179.9189758301,314.85,143.73,233.1,454.29,86.76
2026-02-04,275.739440918,411.5788574219,332.3934326172,232.9900054932,173.7833404541,317.27,147.59,234.47,453.97,86.54
2026-02-05,275.1610107422,391.1882324219,330.6069030762,222.6900024414,171.478729248,310.16,146.08,237.79,441.88,87.48
2026-02-06,277.3650512695,398.6111450195,322.2331542969,210.3200073242,184.977142334,322.4,149.05,239.99,455.46,87.54
2026-02-09,274.1307983398,410.9925842285,323.6903381348,208.7200012207,189.5963287354,322.1,151.21,238.64,467.03,87.52
2026-02-10,273.1924438477,410.6646728516,317.9614562988,206.9600067139,188.0998382568,318.28,151.59,238.35,462.4,88.53
2026-02-11,275.0092163086,401.8207702637,310.356262207,204.0800018311,189.606338501,310.82,155.56,240.86,467.63,88.06
2026-02-12,261.2637634277,399.3067016602,308.4000854492,199.6000061035,186.5035858154,302.64,149.93,244.55,451.39,89.23
2026-02-13,255.3243560791,398.7900085449,305.1264648438,198.7899932861,182.3832244873,302.55,148.45,243.45,462.62,89.72
2026-02-17,263.409942627,394.3581237793,301.4336242676,201.1499938965,184.538192749,307.13,146.19,243.33,448.2,89.87
2026-02-18,263.879119873,397.080871582,302.7410888672,204.7899932861,187.5411376953,308.78,150.68,244.99,458.28,89.53
2026-02-19,260.1157836914,396.851776123,302.2620239258,204.8600006104,187.4613342285,308.05,150.97,246.91,459.56,89.62
2026-02-20,264.1086730957,395.626739502,314.3684692383,210.1100006104,189.3768615723,310.79,147.28,242.49,468.62,89.41
2026-02-23,265.7058105469,382.9182128906,310.8852233887,205.2700042725,191.1028289795,297.67,150.76,245.84,481.28,89.74
2026-02-24,271.6552429199,387.4299621582,310.2963867188,208.5599975586,192.3997955322,297.3,149.26,246.28,474.61,89.9
2026-02-25,273.7415161133,398.9831237793,312.2925109863,210.6399993896,195.1034545898,303.3,149.06,245.17,473.42,89.91
2026-02-26,272.4637756348,400.0986022949,306.783203125,207.9199981689,184.4583740234,306.13,148.54,243.47,477.48,90.27
2026-02-27,263.7094116211,391.1548461914,311.1547546387,210.0,176.7763519287,300.3,152.5,248.43,483.75,90.82
2026-03-02,264.2484130859,396.9413757324,305.9248657227,208.3899993896,182.0539855957,297.56,154.22,248.56,490.0,89.61
2026-03-03,263.2801818848,402.2996826172,302.9906005859,208.7299957275,179.6296691895,300.26,151.83,246.75,468.14,89.43
2026-03-04,262.0523376465,403.5645751953,302.5414733887,216.8200073242,182.6126861572,299.39,149.82,245.3,471.8,89.15
2026-03-05,259.8263244629,409.0224304199,300.2958679199,218.9400024414,182.9119873047,293.55,150.76,239.63,466.13,88.79
2026-03-06,257.0013427734,407.309387207,297.9403991699,213.2100067139,177.4048614502,289.48,151.21,240.4,473.51,88.46
2026-03-09,259.4170532227,407.7575683594,305.9804077148,213.4900054932,182.2235870361,289.92,150.44,242.59,472.53,89.23
2026-03-10,260.3653564453,404.1223144531,306.6596069336,214.3300018311,184.3386535645,288.73,148.13,243.71,477.86,88.28
2026-03-11,260.3453979492,403.2458496094,308.317565918,212.6499938965,185.6057434082,287.52,151.58,242.99,476.24,87.14
2026-03-12,255.304397583,400.2380371094,303.1738891602,209.5299987793,182.7223358154,282.89,153.53,242.04,466.88,86.97
2026-03-13,249.6744384766,393.9534912109,301.9054870605,207.6699981689,179.8389434814,283.44,156.12,241.52,460.84,86.54
2026-03-16,252.369644165,398.3357543945,305.181427002,211.7400054932,182.802154541,286.16,157.23,243.19,460.43,87.21
2026-03-17,253.7771148682,397.7979125977,310.5347900391,215.1999969482,181.5151062012,286.89,158.81,238.11,459.27,87.45
2026-03-18,249.4947662354,390.2087097168,307.3087768555,209.8699951172,179.9885864258,287.74,157.59,237.28,444.74,86.955
2026-03-19,248.5165252686,387.4498596191,306.7494812012,208.7599945068,178.1527709961,287.97,158.16,237.6,426.41,87.49
2026-03-20,247.5482330322,380.3287353516,300.6270751953,205.3699951172,172.3061523438,286.56,159.67,235.37,413.38,85.83
2026-03-23,251.0420074463,381.4541931152,301.6857910156,210.1399993896,175.239440918,289.91,161.13,235.42,404.04,86.385
2026-03-24,251.1917266846,371.2355651855,290.0801696777,207.2400054932,174.8004455566,292.4,165.38,235.27,404.13,86.01
2026-03-25,252.1699829102,369.5424499512,290.5695495605,211.7100067139,178.2725067139,295.42,163.26,239.93,416.29,86.84
2026-03-26,252.4395141602,364.4929199219,280.5719604492,207.5399932861,170.8494873047,291.66,165.43,239.24,400.64,86.11
2026-03-27,248.3567962646,355.3300170898,274.0001220703,199.3399963379,167.1379699707,282.84,170.99,240.45,414.7,85.64
2026-03-30,246.1906585693,357.5111694336,273.1611633301,200.9499969482,164.7933197021,283.77,171.47,242.49,414.58,86.78
2026-03-31,253.3379058838,368.6759643555,287.2037353516,208.2700042725,174.0022583008,294.16,169.66,244.44,430.29,86.69
2026-04-01,255.1746368408,367.8791809082,297.0215759277,210.5700073242,175.3491821289,295.38,160.78,244.12,437.82,86.26
2026-04-02,255.4641113281,371.9526672363,295.4035644531,209.7700042725,176.985458374,294.6,160.69,243.04,429.41,86.79
2026-04-06,258.3988647461,371.375,299.6183166504,212.7899932861,177.23487854,295.45,163.37,240.97,427.65,86.65
2026-04-07,253.0484161377,370.7874145508,305.0815429688,213.7700042725,177.6938323975,297.4,163.91,238.41,431.81,86.64
2026-04-08,258.4388122559,372.819152832,316.9268798828,221.25,181.6647644043,307.97,156.22,241.3,434.53,86.92
2026-04-09,260.025970459,371.5642700195,318.0953979492,233.6499938965,183.4906005859,310.33,155.04,241.31,437.91,86.7
2026-04-10,260.0159912109,369.3731384277,316.8469543457,238.3800048828,188.1998291016,309.87,152.51,238.46,437.13,86.49
2026-04-13,258.73828125,382.8186340332,320.9119262695,239.8899993896,188.8782653809,313.68,152.64,237.96,435.36,86.75
2026-04-14,258.368927002,391.5233459473,332.4975585938,249.0200042725,196.0618438721,311.12,149.24,240.1,445.09,87.21
2026-04-15,265.9553833008,409.5602722168,336.702331543,248.5,198.4164733887,305.93,149.01,238.67,440.46,86.83
2026-04-16,262.9307861328,418.5637817383,335.6036682129,249.6999969482,197.8976593018,309.95,151.98,234.54,440.08,86.28
2026-04-17,269.748626709,421.0835876465,341.2566833496,250.5599975586,201.2200469971,310.29,146.44,234.18,445.93,87.07
2026-04-20,272.5635681152,416.3826293945,337.0019836426,248.2799987793,201.5991821289,316.99,147.68,230.69,445.93,87.05
2026-04-21,265.6958618164,422.448059082,331.878326416,249.9100036621,199.4241790771,313.0,148.36,226.16,429.57,86.57
2026-04-22,272.6834106445,431.1726989746,338.8996276855,255.3600006104,202.038192749,313.02,149.5,226.1,435.26,86.74
2026-04-23,272.9429016113,414.0719604492,338.4701538086,255.0800018311,199.1847076416,311.69,150.53,230.65,431.04,86.55
2026-04-24,270.5771179199,422.9061889648,343.9732971191,263.9899902344,207.7950286865,308.28,148.91,227.5,433.25,86.71
2026-04-27,267.1332702637,423.1053771973,349.9059448242,261.1199951172,216.1160125732,311.63,148.19,225.34,429.89,86.28
2026-04-28,270.2277526855,427.5174865723,349.3466491699,259.700012207,212.6838531494,311.45,150.56,227.79,421.91,86.37
2026-04-29,269.6887207031,422.7467956543,349.5064697266,263.0400085449,208.7727966309,309.25,154.67,227.35,417.41,85.7
2026-04-30,270.8666381836,406.1341552734,384.3232421875,265.0599975586,199.1148681641,313.23,154.33,229.85,423.66,85.62
2026-05-01,279.6409912109,412.7672729492,385.2121887207,268.2600097656,197.9974365234,312.47,152.75,227.19,423.18,85.61
2026-05-04,276.3368225098,411.9505615234,382.775177002,272.049987793,198.02734375,307.65,153.69,224.2,414.71,84.96
2026-05-05,283.6737670898,409.7196350098,387.9487609863,273.549987793,196.051864624,309.4,154.88,225.55,418.27,85.43
2026-05-06,286.9978637695,412.2891845703,397.546875,274.9899902344,207.3560333252,314.9,148.69,224.62,430.96,86.08
2026-05-07,286.9279785156,419.0717163086,397.4969177246,271.1700134277,211.0176696777,306.27,146.58,222.51,431.68,85.65
2026-05-08,292.7974853516,413.444519043,400.3034362793,272.6799926758,214.7092285156,302.1,144.57,221.32,433.77,86.08
2026-05-11,292.4277954102,410.9944458008,388.1585083008,268.9899902344,218.9395599365,300.0,149.68,221.43,434.65,85.56
2026-05-12,294.5459594727,406.1241760254,386.8701171875,265.8200073242,220.2765045166,304.88,150.63,224.26,432.93,84.99
2026-05-13,298.6124572754,403.5745239258,402.1211853027,270.1300048828,225.3149871826,300.25,151.57,230.42,430.5,84.8
2026-05-14,297.9530334473,407.7774963379,400.5731201172,267.2200012207,235.2023925781,299.91,152.78,230.8,427.21,84.92
2026-05-15,299.9713134766,420.2170715332,396.2884216309,264.1400146484,224.8061523438,297.81,157.92,226.71,417.29,83.66
2026-05-18,297.5833435059,421.8305664062,396.4482421875,264.8599853516,221.81300354,300.73,160.49,228.92,418.43,83.56
2026-05-19,298.7123718262,415.7352600098,387.1797180176,259.3399963379,220.1068878174,295.7,162.55,230.0,411.5,83.02
2026-05-20,301.9895629883,419.360534668,388.4281921387,265.0100097656,222.9603729248,301.98,156.28,229.32,417.4,83.91
2026-05-21,304.7271728516,418.302520752,387.1797180176,268.4599914551,219.0093994141,303.0,155.29,231.73,416.99,84.22
2026-05-22,308.553894043,417.7835388184,382.4955444336,266.3200073242,214.8389282227,306.38,154.92,234.34,413.82,84.68
2026-05-26,308.0643005371,415.2482910156,388.3981933594,265.2900085449,214.370010376,306.74,149.81,230.18,414.0,85.1
2026-05-27,310.5821533203,411.8946228027,388.348236084,271.8500061035,212.1151580811,299.28,147.9,231.29,408.49,85.3
2026-05-28,312.2407226562,426.1876831055,389.6466674805,274.0,213.7613983154,296.73,146.96,230.8,412.77,85.74
2026-05-29,311.7911071777,449.3940124512,379.8687744141,270.6400146484,210.658493042,299.31,145.26,225.33,417.12,85.76
2026-06-01,306.0460510254,459.6546936035,375.903717041,261.2600097656,223.8483428955,296.58,149.38,223.51,411.26,85.47
2026-06-02,314.9284057617,440.4807739258,361.4017028809,256.5199890137,222.3118438721,300.96,149.56,222.89,411.95,85.65
2026-06-03,309.9926452637,426.5370483398,358.5452270508,250.0200042725,214.2602539062,300.85,152.53,223.24,407.87,85.31
2026-06-04,310.9618225098,427.2456970215,371.7289123535,253.7899932861,218.4156036377,310.89,152.04,228.17,411.27,85.5
2026-06-05,307.0751647949,415.8870849609,368.073425293,246.0299987793,204.8707580566,312.37,149.92,232.77,396.24,85.06
2026-06-08,301.2801818848,410.9663391113,363.0766296387,245.2200012207,208.4067993164,311.11,151.75,232.16,397.27,84.62
2026-06-09,290.299621582,402.6520080566,364.0260314941,244.1900024414,207.9573059082,312.7,148.91,237.0,390.78,85.12
2026-06-10,291.3287353516,396.6133422852,356.1510925293,238.0,200.1959838867,309.14,150.62,238.49,374.58,84.88
2026-06-11,295.3752441406,389.6065673828,357.5401611328,241.5099945068,204.6410064697,313.49,146.6,238.33,386.32,85.98
2026-06-12,290.8791503906,390.0057983398,359.4489440918,238.5500030518,204.9606628418,320.72,147.01,240.87,386.54,85.77
2026-06-15,296.1645812988,399.0088806152,369.1127624512,246.0200042725,212.2125396729,319.4,140.92,235.66,396.55,85.72
2026-06-16,298.9821472168,393.0899963379,373.0102539062,246.0,207.1781768799,331.14,141.86,235.18,397.63,86.19
2026-06-17,295.6949768066,378.1980285645,363.5563354492,237.5,204.4212493896,333.46,140.74,234.2,388.6,86.33
2026-06-18,297.7532043457,378.6871032715,367.7935791016,244.3899993896,210.4545135498,325.22,137.81,228.39,387.12,86.75
2026-06-22,296.7540893555,366.6497802734,349.4553833008,232.7899932861,208.4167785645,331.48,138.47,231.29,384.59,86.09
2026-06-23,294.0463867188,373.2373657227,345.9076538086,234.1100006104,199.81640625,334.14,139.73,239.08,377.32,86.2
2026-06-24,292.8274230957,364.7733154297,345.0682067871,234.2700042725,198.7775726318,333.45,136.9,241.0,365.92,87.38
2026-06-25,274.912902832,352.1670227051,343.4891967773,227.0099945068,195.5212249756,335.12,137.55,244.88,369.46,87.35
2026-06-26,283.5354614258,372.2691955566,337.1732788086,232.6900024414,192.3148040771,329.05,136.54,254.66,373.63,87.36
2026-06-29,281.4972229004,367.8774719238,353.4228210449,240.1399993896,194.7520751953,329.39,136.06,258.51,368.58,87.45
2026-06-30,289.1106567383,372.3190917969,357.1404418945,238.3399963379,199.8663482666,327.33,136.72,253.97,368.38,86.42
2026-07-01,294.1263427734,383.5579528809,360.9779663086,241.6999969482,197.359161377,334.07,136.28,253.98,370.6,85.52
2026-07-02,308.3640441895,389.7562561035,359.6788024902,242.6699981689,194.6122436523,334.47,137.09,263.04,378.13,85.51
2026-07-06,312.3905944824,386.0133056641,366.2245788574,244.1600036621,195.3314361572,337.72,136.44,259.33,382.13,85.45
2026-07-07,310.3923034668,388.109375,366.7942199707,245.9799957275,196.7098846436,339.22,141.69,267.24,377.49,84.55
2026-07-08,313.1199645996,382.619720459,361.6875305176,243.6199951172,203.8918457031,330.62,141.13,263.4,374.45,84.36
2026-07-09,315.9475097656,383.6377868652,358.6594848633,247.0399932861,202.5533447266,335.47,137.46,259.1,378.18,84.49
2026-07-10,315.0483093262,384.3764038086,356.9505615234,245.3399963379,210.7242126465,336.47,138.88,256.98,377.01,84.47
2026-07-13,317.0365600586,390.2553405762,352.2835693359,247.3099975586,203.3025054932,334.53,144.51,257.77,367.13,83.97
2026-07-14,314.588684082,384.2067260742,359.279083252,247.4900054932,211.5632781982,342.89,145.09,253.85,372.15,84.08
2026-07-15,327.2178039551,394.8866271973,370.6817626953,254.9600067139,212.2624816895,346.91,144.51,247.02,372.35,84.24
2026-07-16,332.9728393555,400.3463439941,354.2322998047,249.8899993896,207.168182373,343.15,145.95,249.97,364.96,84.21
2026-07-17,333.4523925781,393.0800170898,346.5472412109,247.2299957275,202.5833129883,341.1,147.36,253.04,368.41,84.52
2026-07-20,326.3085632324,401.5341186523,351.763885498,249.9900054932,203.0527954102,338.87,148.36,248.82,367.6,83.89
2026-07-21,327.4575805664,397.0026245117,346.9270019531,247.5500030518,207.058303833,345.23,151.71,250.61,374.81,83.66
2026-07-22,325.6091918945,389.6065673828,341.8702392578,244.8500061035,211.8229827881,348.21,154.45,255.63,379.12,83.44
2026-07-23,321.3828430176,380.8630065918,317.4859313965,233.6600036621,208.5266571045,349.9,156.89,259.27,371.52,83.17
2026-07-24,332.7330322266,380.9828186035,319.5346069336,232.1100006104,206.6088104248,353.21,156.94,263.4,371.9,83.25
2026-07-27,336.6196899414,388.3688964844,326.3502197266,231.3899993896,196.2903594971,356.2,154.77,265.95,374.63,83.75
2026-07-28,339.7869262695,392.6109008789,333.4956359863,230.8600006104,196.7897949219,357.31,153.04,266.73,369.37,84.24
2026-07-29,337.8985900879,389.8061828613,336.4937133789,226.6499938965,189.7976226807,344.71,156.75,265.53,371.08,82.85
2026-07-30,333.1426696777,450.2524108887,333.4456787109,235.5,194.8219909668,350.85,156.97,255.82,377.16,82.8
2026-07-31,308.6438293457,463.8468017578,355.9012451172,271.5799865723,200.5256195068,351.79,155.44,256.35,371.54,82.25
2026-08-03,303.1585693359,486.7337036133,373.2700805664,284.0199890137,206.4090423584,352.64,155.06,254.41,371.71,82.19
2026-08-04,309.1134033203,491.8840332031,377.407409668,277.4200134277,211.7031097412,357.52,153.96,254.93,374.16,82.82
2026-08-05,310.7320251465,486.5440673828,362.1971740723,272.6499938965,218.9749755859,359.24,151.63,257.59,389.64,83.0
2026-08-06,312.1408081055,498.9207458496,357.5202026367,272.2600097656,218.7452392578,356.3,154.84,256.98,389.67,82.52
2026-08-07,313.0599975586,499.0505065918,354.0723876953,274.4800109863,223.7096862793,357.52,153.04,259.24,398.47,82.76
2026-08-10,308.2600097656,505.1091308594,357.2903442383,278.0899963379,217.3068389893,359.79,159.79,261.81,402.54,82.06
2026-08-11,304.9100036621,502.8633422852,343.5791320801,272.2699890137,217.2568969727,362.04,159.8,259.8,400.96,82.19
2026-08-12,302.25,491.5047302246,343.3193359375,267.2799987793,223.8395233154,365.18,159.75,260.86,404.92,82.11
2026-08-13,305.2600097656,495.9463806152,346.137512207,265.1300048828,225.0481872559,363.11,158.61,262.08,398.96,82.59
2026-08-14,305.9299926758,494.4691467285,345.6777954102,262.6499938965,224.9083404541,362.84,160.1,260.35,401.48,82.04
2026-08-17,305.5899963379,479.4474487305,343.7790222168,261.3099975586,224.7584991455,360.96,161.46,262.37,405.49,81.35
2026-08-18,310.0299987793,480.7250366211,343.9789123535,259.450012207,219.4944000244,363.25,165.56,271.11,398.55,81.66
2026-08-19,316.8299865723,483.3999938965,344.4985656738,265.8399963379,217.3168334961,357.26,164.77,273.41,413.84,83.02
2026-08-20,311.299987793,481.1499938965,340.451171875,260.1099853516,216.607635498,351.55,166.15,267.37,415.26,82.34
2026-08-21,309.3500061035,483.2399902344,344.5985107422,258.6300048828,214.4800109863,351.58,165.11,270.24,423.36,82.05
2026-08-24,310.3399963379,487.3099975586,347.8364257812,262.0700073242,208.2469787598,356.39,164.05,273.04,426.69,82.56
2026-08-25,309.8999938965,491.7099914551,346.737121582,261.0599975586,212.8118743896,356.69,160.64,273.14,428.07,83.47
2026-08-26,313.450012207,496.3699951172,341.7803039551,260.2799987793,209.4256591797,356.5,158.19,270.0,421.32,83.3
2026-08-27,314.5799865723,505.0599975586,340.4311828613,256.2600097656,227.7251739502,354.22,156.44,265.77,422.6,83.13
2026-08-28,319.700012207,513.5300292969,346.3673706055,266.4299926758,217.3068389893,357.62,156.71,268.04,408.89,82.88
2026-08-31,316.8500061035,507.2900085449,339.132019043,259.7699890137,220.5332336426,356.02,160.95,265.85,408.42,82.52
2026-09-01,325.1300048828,501.0199890137,334.8047790527,254.9199981689,217.196975708,354.95,164.55,271.19,396.75,81.87
2026-09-02,324.9599914551,496.8200073242,336.9034423828,254.9799957275,224.1591796875,356.22,164.15,275.21,402.78,81.95
2026-09-03,328.2099914551,510.1199951172,342.2600097656,258.8999938965,228.1946563721,362.06,162.21,278.43,410.22,82.07
2026-09-04,319.9700012207,499.700012207,338.4599914551,258.5100097656,230.1025238037,358.64,159.47,275.23,406.77,82.21
2026-09-08,316.2200012207,493.950012207,338.3599853516,256.9700012207,225.4776916504,353.51,160.66,269.12,399.72,82.2
2026-09-09,315.3399963379,491.6499938965,330.6499938965,252.3999938965,223.4199981689,354.71,164.23,267.08,403.35,81.73
2026-09-10,326.5700073242,492.4400024414,332.6000061035,251.8899993896,218.3600006104,353.56,165.23,266.35,396.36,80.78
2026-09-11,332.2699890137,495.6300048828,338.5,256.7799987793,218.2899932861,356.23,165.99,265.58,398.77,80.87
2026-09-14,333.0799865723,505.4100036621,349.3900146484,253.5399932861,210.9600067139,350.13,165.08,266.32,392.84,80.93
2026-09-15,331.3399963379,497.1199951172,344.9800109863,248.4199981689,212.1699981689,352.49,169.32,267.2,394.15,80.71
2026-09-16,332.4100036621,490.299987793,342.8699951172,245.9600067139,213.8999938965,348.92,163.32,267.28,391.74,80.88
2026-09-17,337.0,497.75,347.3299865723,251.1900024414,219.3399963379,349.31,163.27,270.22,398.36,81.78
2026-09-18,336.1300048828,493.7799987793,349.5400085449,253.7100067139,222.2700042725,349.67,163.54,269.99,401.17,81.25
2026-09-21,338.9800109863,501.6099853516,354.9700012207,258.450012207,227.3800048828,352.04,158.3,269.47,398.38,81.8
2026-09-22,339.75,498.0,351.1600036621,254.9799957275,228.8699951172,340.0,158.71,269.19,400.07,81.75
2026-09-23,337.0199890137,500.5899963379,337.8299865723,249.2700042725,225.5099945068,337.53,161.23,269.17,392.88,80.46
2026-09-24,335.9200134277,497.9299926758,342.3599853516,249.3800048828,224.5800018311,338.56,162.14,270.68,391.69,79.42
2026-09-25,341.0700073242,516.1699829102,343.9200134277,249.6699981689,225.0700073242,343.06,160.59,271.22,393.41,79.32
2026-09-28,338.3999938965,509.2200012207,342.75,246.1499938965,228.8600006104,336.59,162.52,271.95,377.91,78.62
2026-09-29,329.3999938965,508.9599914551,340.9200134277,246.6699981689,227.2100067139,334.98,161.35,267.57,382.89,78.23
2026-09-30,333.0199890137,512.9000244141,344.0799865723,249.1499938965,228.3800048828,330.83,162.75,264.74,380.84,77.78
2026-10-01,330.3200073242,512.799987793,338.2399902344,248.2299957275,230.8600006104,333.18,163.82,258.66,382.76,77.71
2026-10-02,333.6900024414,517.5300292969,343.5,251.5200042725,233.9499969482,332.38,164.01,256.03,380.14,77.48
